"id","name","due_date","project_id"
"2","Create testing for all endpoints","2025-01-29","1"
"3","Implement UUID middleware","2025-01-29","1"
"1","Review documentation for async with SQLModel.","2025-01-31","1"
"6","Design Course Structure","2023-11-15","13"
"7","Develop User Authentication","2023-11-20","13"
"8","Create Course Content","2023-11-25","13"
"9","Implement Payment Gateway","2023-11-30","13"
"10","Test Platform Functionality","2023-12-05","13"
"11","Optimize Platform Performance","2023-12-10","13"
"12","Deploy Platform to Production","2023-12-15","13"
"13","Monitor Platform Usage","2023-12-20","13"
"14","Update Course Content","2023-12-25","13"
"15","Fix Bugs in Platform","2023-12-30","13"
"16","Design App UI/UX","2023-11-15","12"
"17","Develop App Backend","2023-11-20","12"
"18","Implement Push Notifications","2023-11-25","12"
"19","Integrate API for Data Sync","2023-11-30","12"
"20","Test App on Multiple Devices","2023-12-05","12"
"21","Optimize App Performance","2023-12-10","12"
"22","Deploy App to App Stores","2023-12-15","12"
"23","Monitor App Crashes","2023-12-20","12"
"24","Update App Features","2023-12-25","12"
"25","Fix Bugs in App","2023-12-30","12"
"26","Create Marketing Strategy","2023-11-15","15"
"27","Design Social Media Ads","2023-11-20","15"
"28","Launch Email Campaign","2023-11-25","15"
"29","Analyze Campaign Performance","2023-11-30","15"
"30","Optimize Ad Spend","2023-12-05","15"
"31","Engage with Social Media Followers","2023-12-10","15"
"32","Monitor Campaign ROI","2023-12-15","15"
"33","Update Marketing Content","2023-12-20","15"
"34","Run A/B Tests","2023-12-25","15"
"35","Generate Campaign Report","2023-12-30","15"
"36","Design Database Schema","2023-11-15","14"
"37","Develop Inventory Tracking Module","2023-11-20","14"
"38","Implement Barcode Scanning","2023-11-25","14"
"39","Integrate with Supplier APIs","2023-11-30","14"
"40","Test System Accuracy","2023-12-05","14"
"41","Optimize System Performance","2023-12-10","14"
"42","Deploy System to Production","2023-12-15","14"
"43","Monitor System Alerts","2023-12-20","14"
"44","Update Inventory Data","2023-12-25","14"
"45","Fix Bugs in System","2023-12-30","14"
"46","Research Industry Trends","2023-11-15","1"
"47","Develop Business Case","2023-11-20","1"
"48","Create Presentation Slides","2023-11-25","1"
"49","Prepare Financial Models","2023-11-30","1"
"50","Test Solution Feasibility","2023-12-05","1"
"51","Optimize Solution Design","2023-12-10","1"
"52","Present Solution to Stakeholders","2023-12-15","1"
"53","Monitor Feedback","2023-12-20","1"
"54","Update Solution Proposal","2023-12-25","1"
"55","Finalize Deliverables","2023-12-30","1"
"56","Analyze Sales Processes","2023-11-15","16"
"57","Design Automation Workflow","2023-11-20","16"
"58","Develop Automation Scripts","2023-11-25","16"
"59","Integrate with CRM System","2023-11-30","16"
"60","Test Automation Accuracy","2023-12-05","16"
"61","Optimize Automation Performance","2023-12-10","16"
"62","Deploy Automation to Production","2023-12-15","16"
"63","Monitor Automation Results","2023-12-20","16"
"64","Update Automation Rules","2023-12-25","16"
"65","Fix Bugs in Automation","2023-12-30","16"